AUC,PR-AUC,Brier,Lambda_HIR,Epochs
0.7974828728800069,0.4106097453457865,0.10937198251485825,0.5,30
